hypothesis,coin,feature,period,decile,avg_return,count
H1_visibility,BTC,musk_max_views_8h_log,train,1,13.524289873957441,6003
H1_visibility,BTC,musk_max_views_8h_log,train,2,15.301919567085415,1003
H1_visibility,BTC,musk_max_views_8h_log,train,3,-3.14195591397432,999
H1_visibility,BTC,musk_max_views_8h_log,train,4,6.255028191943493,1001
H1_visibility,BTC,musk_max_views_8h_log,train,5,-0.13585728275528336,999
H1_visibility,BTC,musk_max_views_8h_log,val,1,8.956724489768428,2002
H1_visibility,BTC,musk_max_views_8h_log,val,2,1.694570159238811,500
H1_visibility,BTC,musk_max_views_8h_log,val,3,-19.34894616508596,502
H1_visibility,BTC,musk_max_views_8h_log,val,4,8.529363880096064,502
H1_visibility,BTC,musk_max_views_8h_log,val,5,-3.275390207593764,498
H1_visibility,BTC,musk_max_views_8h_log,val,6,2.631587829041239,504
H1_visibility,BTC,musk_max_views_8h_log,val,7,9.734416582624226,494
H1_visibility,BTC,musk_max_views_8h_log,test,1,20.990740032356825,901
H1_visibility,BTC,musk_max_views_8h_log,test,2,10.07106089919411,302
H1_visibility,BTC,musk_max_views_8h_log,test,3,13.220864633467194,305
H1_visibility,BTC,musk_max_views_8h_log,test,4,-16.84806781921342,294
H1_visibility,BTC,musk_max_views_8h_log,test,5,45.39473998834355,306
H1_visibility,BTC,musk_max_views_8h_log,test,6,19.195962902965057,296
H1_visibility,BTC,musk_max_views_8h_log,test,7,22.55159309197959,302
H1_visibility,BTC,musk_max_views_8h_log,test,8,11.165816711719327,296
H1_visibility,BTC,musk_max_views_8h_log,holdout,1,-33.013739106254796,403
H1_visibility,BTC,musk_max_views_8h_log,holdout,2,-23.889390791637293,200
H1_visibility,BTC,musk_max_views_8h_log,holdout,3,-19.511261105499294,201
H1_visibility,BTC,musk_max_views_8h_log,holdout,4,3.463102017067293,201
H1_visibility,BTC,musk_max_views_8h_log,holdout,5,-6.536111378042246,197
H1_visibility,BTC,musk_max_views_8h_log,holdout,6,-37.76185601681588,203
H1_visibility,BTC,musk_max_views_8h_log,holdout,7,20.495949129657323,203
H1_visibility,BTC,musk_max_views_8h_log,holdout,8,13.978589832479864,193
H1_visibility,BTC,musk_max_views_8h_log,holdout,9,34.118558445044464,200
H1_visibility,ETH,musk_max_views_8h_log,train,1,9.98956494829633,6003
H1_visibility,ETH,musk_max_views_8h_log,train,2,6.5991680800746035,1003
H1_visibility,ETH,musk_max_views_8h_log,train,3,-4.177927861727028,999
H1_visibility,ETH,musk_max_views_8h_log,train,4,13.859914127226352,1001
H1_visibility,ETH,musk_max_views_8h_log,train,5,5.62401905128791,999
H1_visibility,ETH,musk_max_views_8h_log,val,1,0.6978114120541962,2002
H1_visibility,ETH,musk_max_views_8h_log,val,2,-19.280382802410113,500
H1_visibility,ETH,musk_max_views_8h_log,val,3,-22.824086854819747,502
H1_visibility,ETH,musk_max_views_8h_log,val,4,14.614932705889407,502
H1_visibility,ETH,musk_max_views_8h_log,val,5,-8.735309742430836,498
H1_visibility,ETH,musk_max_views_8h_log,val,6,1.2654969256219968,504
H1_visibility,ETH,musk_max_views_8h_log,val,7,15.393617468332089,494
H1_visibility,ETH,musk_max_views_8h_log,test,1,12.344158137236771,901
H1_visibility,ETH,musk_max_views_8h_log,test,2,16.113642826153256,302
H1_visibility,ETH,musk_max_views_8h_log,test,3,7.244999816532807,305
H1_visibility,ETH,musk_max_views_8h_log,test,4,-32.18744388291209,294
H1_visibility,ETH,musk_max_views_8h_log,test,5,46.1692290797399,306
H1_visibility,ETH,musk_max_views_8h_log,test,6,15.331718538313831,296
H1_visibility,ETH,musk_max_views_8h_log,test,7,21.771412703896303,302
H1_visibility,ETH,musk_max_views_8h_log,test,8,2.959043658336269,296
H1_visibility,ETH,musk_max_views_8h_log,holdout,1,-33.750703493895415,403
H1_visibility,ETH,musk_max_views_8h_log,holdout,2,-42.4481944186266,200
H1_visibility,ETH,musk_max_views_8h_log,holdout,3,-55.150090556209015,201
H1_visibility,ETH,musk_max_views_8h_log,holdout,4,-17.464700719994145,201
H1_visibility,ETH,musk_max_views_8h_log,holdout,5,-57.82803965006488,197
H1_visibility,ETH,musk_max_views_8h_log,holdout,6,-55.01109323895856,203
H1_visibility,ETH,musk_max_views_8h_log,holdout,7,5.502889079679707,203
H1_visibility,ETH,musk_max_views_8h_log,holdout,8,-7.496108605519928,193
H1_visibility,ETH,musk_max_views_8h_log,holdout,9,42.42673333158732,200
H1_visibility,SOL,musk_max_views_8h_log,train,1,30.650340847982005,6003
H1_visibility,SOL,musk_max_views_8h_log,train,2,25.191350994497224,1003
H1_visibility,SOL,musk_max_views_8h_log,train,3,-2.9991977280172355,999
H1_visibility,SOL,musk_max_views_8h_log,train,4,21.727682887521674,1001
H1_visibility,SOL,musk_max_views_8h_log,train,5,0.8147882863777804,999
H1_visibility,SOL,musk_max_views_8h_log,val,1,18.488329241501418,2002
H1_visibility,SOL,musk_max_views_8h_log,val,2,-2.23129553204803,500
H1_visibility,SOL,musk_max_views_8h_log,val,3,-2.9512654823719773,502
H1_visibility,SOL,musk_max_views_8h_log,val,4,-0.2941704062338617,502
H1_visibility,SOL,musk_max_views_8h_log,val,5,-2.8017939062328674,498
H1_visibility,SOL,musk_max_views_8h_log,val,6,-8.950173517090363,504
H1_visibility,SOL,musk_max_views_8h_log,val,7,19.502419486309357,494
H1_visibility,SOL,musk_max_views_8h_log,test,1,10.475303303889294,901
H1_visibility,SOL,musk_max_views_8h_log,test,2,12.662511211406748,302
H1_visibility,SOL,musk_max_views_8h_log,test,3,4.053170155252471,305
H1_visibility,SOL,musk_max_views_8h_log,test,4,-18.320055745432313,294
H1_visibility,SOL,musk_max_views_8h_log,test,5,53.597862776338594,306
H1_visibility,SOL,musk_max_views_8h_log,test,6,23.079467932265466,296
H1_visibility,SOL,musk_max_views_8h_log,test,7,129.62200787476152,302
H1_visibility,SOL,musk_max_views_8h_log,test,8,-31.502319792538554,296
H1_visibility,SOL,musk_max_views_8h_log,holdout,1,-51.58958755504733,403
H1_visibility,SOL,musk_max_views_8h_log,holdout,2,-19.492493900270407,200
H1_visibility,SOL,musk_max_views_8h_log,holdout,3,-53.64681363727439,201
H1_visibility,SOL,musk_max_views_8h_log,holdout,4,-14.175548549098844,201
H1_visibility,SOL,musk_max_views_8h_log,holdout,5,-38.52551325405065,197
H1_visibility,SOL,musk_max_views_8h_log,holdout,6,-67.32684601062908,203
H1_visibility,SOL,musk_max_views_8h_log,holdout,7,22.454096403045614,203
H1_visibility,SOL,musk_max_views_8h_log,holdout,8,31.26818868971409,193
H1_visibility,SOL,musk_max_views_8h_log,holdout,9,24.783030702119706,200
H1_visibility,DOGE,musk_max_views_8h_log,train,1,11.640811446231758,6003
H1_visibility,DOGE,musk_max_views_8h_log,train,2,2.8000480486271795,1003
H1_visibility,DOGE,musk_max_views_8h_log,train,3,-13.883889698479434,999
H1_visibility,DOGE,musk_max_views_8h_log,train,4,0.34214399659636385,1001
H1_visibility,DOGE,musk_max_views_8h_log,train,5,-24.052304552491737,999
H1_visibility,DOGE,musk_max_views_8h_log,val,1,33.60126178907986,2002
H1_visibility,DOGE,musk_max_views_8h_log,val,2,-20.629105193349595,500
H1_visibility,DOGE,musk_max_views_8h_log,val,3,-16.31032252469585,502
H1_visibility,DOGE,musk_max_views_8h_log,val,4,-9.601766810780276,502
H1_visibility,DOGE,musk_max_views_8h_log,val,5,1.48124458983029,498
H1_visibility,DOGE,musk_max_views_8h_log,val,6,-5.796071851716811,504
H1_visibility,DOGE,musk_max_views_8h_log,val,7,-2.5861678562144785,494
H1_visibility,DOGE,musk_max_views_8h_log,test,1,40.16737018298006,901
H1_visibility,DOGE,musk_max_views_8h_log,test,2,36.585076413345796,302
H1_visibility,DOGE,musk_max_views_8h_log,test,3,15.711225404696048,305
H1_visibility,DOGE,musk_max_views_8h_log,test,4,-8.82430034174161,294
H1_visibility,DOGE,musk_max_views_8h_log,test,5,140.70836465223795,306
H1_visibility,DOGE,musk_max_views_8h_log,test,6,-0.9865281091540777,296
H1_visibility,DOGE,musk_max_views_8h_log,test,7,97.47231765643427,302
H1_visibility,DOGE,musk_max_views_8h_log,test,8,6.857483628427861,296
H1_visibility,DOGE,musk_max_views_8h_log,holdout,1,-74.10572133963869,403
H1_visibility,DOGE,musk_max_views_8h_log,holdout,2,-61.91131346613179,200
H1_visibility,DOGE,musk_max_views_8h_log,holdout,3,-56.13146592584701,201
H1_visibility,DOGE,musk_max_views_8h_log,holdout,4,13.650057950426561,201
H1_visibility,DOGE,musk_max_views_8h_log,holdout,5,-30.340874282065826,197
H1_visibility,DOGE,musk_max_views_8h_log,holdout,6,-79.46728280355946,203
H1_visibility,DOGE,musk_max_views_8h_log,holdout,7,64.97478652333028,203
H1_visibility,DOGE,musk_max_views_8h_log,holdout,8,-3.9823816286317384,193
H1_visibility,DOGE,musk_max_views_8h_log,holdout,9,26.71208473129974,200
H2_engagement_quality,BTC,musk_weighted_engagement_4h_log,train,1,6.381995654859261,7003
H2_engagement_quality,BTC,musk_weighted_engagement_4h_log,train,2,5.064310648276472,1001
H2_engagement_quality,BTC,musk_weighted_engagement_4h_log,train,3,1.0857058168172806,1000
H2_engagement_quality,BTC,musk_weighted_engagement_4h_log,train,4,-1.0944658463857941,1001
H2_engagement_quality,BTC,musk_weighted_engagement_4h_log,val,1,-0.17305650479004933,3501
H2_engagement_quality,BTC,musk_weighted_engagement_4h_log,val,2,5.107575518025826,500
H2_engagement_quality,BTC,musk_weighted_engagement_4h_log,val,3,6.753477137375097,500
H2_engagement_quality,BTC,musk_weighted_engagement_4h_log,val,4,6.6856155791877265,501
H2_engagement_quality,BTC,musk_weighted_engagement_4h_log,test,1,8.53752064424723,1501
H2_engagement_quality,BTC,musk_weighted_engagement_4h_log,test,2,10.341111492813662,300
H2_engagement_quality,BTC,musk_weighted_engagement_4h_log,test,3,6.373084752376734,300
H2_engagement_quality,BTC,musk_weighted_engagement_4h_log,test,4,6.315321753532536,300
H2_engagement_quality,BTC,musk_weighted_engagement_4h_log,test,5,4.787301507226874,300
H2_engagement_quality,BTC,musk_weighted_engagement_4h_log,test,6,15.406048647599398,301
H2_engagement_quality,BTC,musk_weighted_engagement_4h_log,holdout,1,-9.019834049584315,801
H2_engagement_quality,BTC,musk_weighted_engagement_4h_log,holdout,2,12.294212696639212,200
H2_engagement_quality,BTC,musk_weighted_engagement_4h_log,holdout,3,-9.688064615846582,200
H2_engagement_quality,BTC,musk_weighted_engagement_4h_log,holdout,4,-3.8432962624251443,200
H2_engagement_quality,BTC,musk_weighted_engagement_4h_log,holdout,5,-10.74883436246421,200
H2_engagement_quality,BTC,musk_weighted_engagement_4h_log,holdout,6,3.637835545737256,200
H2_engagement_quality,BTC,musk_weighted_engagement_4h_log,holdout,7,2.090809175722491,200
H2_engagement_quality,ETH,musk_weighted_engagement_4h_log,train,1,4.785953574829014,7003
H2_engagement_quality,ETH,musk_weighted_engagement_4h_log,train,2,3.27056010875278,1001
H2_engagement_quality,ETH,musk_weighted_engagement_4h_log,train,3,-1.1609270331148058,1000
H2_engagement_quality,ETH,musk_weighted_engagement_4h_log,train,4,5.407843959250425,1001
H2_engagement_quality,ETH,musk_weighted_engagement_4h_log,val,1,-6.19823510934916,3501
H2_engagement_quality,ETH,musk_weighted_engagement_4h_log,val,2,10.59421205247799,500
H2_engagement_quality,ETH,musk_weighted_engagement_4h_log,val,3,5.520172535327692,500
H2_engagement_quality,ETH,musk_weighted_engagement_4h_log,val,4,18.21155306890884,501
H2_engagement_quality,ETH,musk_weighted_engagement_4h_log,test,1,3.701772191169667,1501
H2_engagement_quality,ETH,musk_weighted_engagement_4h_log,test,2,9.430794164927217,300
H2_engagement_quality,ETH,musk_weighted_engagement_4h_log,test,3,3.331176955495851,300
H2_engagement_quality,ETH,musk_weighted_engagement_4h_log,test,4,7.502994183398419,300
H2_engagement_quality,ETH,musk_weighted_engagement_4h_log,test,5,0.024118795071292887,300
H2_engagement_quality,ETH,musk_weighted_engagement_4h_log,test,6,19.59320108508383,301
H2_engagement_quality,ETH,musk_weighted_engagement_4h_log,holdout,1,-13.918492286052327,801
H2_engagement_quality,ETH,musk_weighted_engagement_4h_log,holdout,2,5.058792174939958,200
H2_engagement_quality,ETH,musk_weighted_engagement_4h_log,holdout,3,-29.120491662058548,200
H2_engagement_quality,ETH,musk_weighted_engagement_4h_log,holdout,4,-16.403722882430355,200
H2_engagement_quality,ETH,musk_weighted_engagement_4h_log,holdout,5,-33.60221445399171,200
H2_engagement_quality,ETH,musk_weighted_engagement_4h_log,holdout,6,-8.39084158426815,200
H2_engagement_quality,ETH,musk_weighted_engagement_4h_log,holdout,7,9.36175574589837,200
H2_engagement_quality,SOL,musk_weighted_engagement_4h_log,train,1,13.507515494021556,7003
H2_engagement_quality,SOL,musk_weighted_engagement_4h_log,train,2,3.4992865226374645,1001
H2_engagement_quality,SOL,musk_weighted_engagement_4h_log,train,3,9.16424859321774,1000
H2_engagement_quality,SOL,musk_weighted_engagement_4h_log,train,4,7.0633267912451165,1001
H2_engagement_quality,SOL,musk_weighted_engagement_4h_log,val,1,3.002960127188619,3501
H2_engagement_quality,SOL,musk_weighted_engagement_4h_log,val,2,13.397429128439349,500
H2_engagement_quality,SOL,musk_weighted_engagement_4h_log,val,3,7.124107766966638,500
H2_engagement_quality,SOL,musk_weighted_engagement_4h_log,val,4,-2.8499494155930694,501
H2_engagement_quality,SOL,musk_weighted_engagement_4h_log,test,1,2.7726447226767568,1501
H2_engagement_quality,SOL,musk_weighted_engagement_4h_log,test,2,17.26796845420238,300
H2_engagement_quality,SOL,musk_weighted_engagement_4h_log,test,3,10.448523853592825,300
H2_engagement_quality,SOL,musk_weighted_engagement_4h_log,test,4,9.675145977937742,300
H2_engagement_quality,SOL,musk_weighted_engagement_4h_log,test,5,12.267238036903802,300
H2_engagement_quality,SOL,musk_weighted_engagement_4h_log,test,6,40.76095824557422,301
H2_engagement_quality,SOL,musk_weighted_engagement_4h_log,holdout,1,-15.871999654031443,801
H2_engagement_quality,SOL,musk_weighted_engagement_4h_log,holdout,2,16.765188236123397,200
H2_engagement_quality,SOL,musk_weighted_engagement_4h_log,holdout,3,-20.913607904985405,200
H2_engagement_quality,SOL,musk_weighted_engagement_4h_log,holdout,4,-21.217873587744666,200
H2_engagement_quality,SOL,musk_weighted_engagement_4h_log,holdout,5,-26.8566130209254,200
H2_engagement_quality,SOL,musk_weighted_engagement_4h_log,holdout,6,5.919297349958763,200
H2_engagement_quality,SOL,musk_weighted_engagement_4h_log,holdout,7,-2.991956235875409,200
H2_engagement_quality,DOGE,musk_weighted_engagement_4h_log,train,1,3.9155396619050795,7003
H2_engagement_quality,DOGE,musk_weighted_engagement_4h_log,train,2,-1.100142881806247,1001
H2_engagement_quality,DOGE,musk_weighted_engagement_4h_log,train,3,-5.0916850590863225,1000
H2_engagement_quality,DOGE,musk_weighted_engagement_4h_log,train,4,-2.7634037682599133,1001
H2_engagement_quality,DOGE,musk_weighted_engagement_4h_log,val,1,2.2122909800446484,3501
H2_engagement_quality,DOGE,musk_weighted_engagement_4h_log,val,2,8.487049059844882,500
H2_engagement_quality,DOGE,musk_weighted_engagement_4h_log,val,3,17.28639743014852,500
H2_engagement_quality,DOGE,musk_weighted_engagement_4h_log,val,4,0.3348041155980067,501
H2_engagement_quality,DOGE,musk_weighted_engagement_4h_log,test,1,16.32758001531499,1501
H2_engagement_quality,DOGE,musk_weighted_engagement_4h_log,test,2,38.48532527020197,300
H2_engagement_quality,DOGE,musk_weighted_engagement_4h_log,test,3,15.34480233604093,300
H2_engagement_quality,DOGE,musk_weighted_engagement_4h_log,test,4,31.139660615538595,300
H2_engagement_quality,DOGE,musk_weighted_engagement_4h_log,test,5,15.347817673107478,300
H2_engagement_quality,DOGE,musk_weighted_engagement_4h_log,test,6,25.86442518060291,301
H2_engagement_quality,DOGE,musk_weighted_engagement_4h_log,holdout,1,-16.14858768053568,801
H2_engagement_quality,DOGE,musk_weighted_engagement_4h_log,holdout,2,-1.7212769993962318,200
H2_engagement_quality,DOGE,musk_weighted_engagement_4h_log,holdout,3,-35.034013701067856,200
H2_engagement_quality,DOGE,musk_weighted_engagement_4h_log,holdout,4,-9.057250847101255,200
H2_engagement_quality,DOGE,musk_weighted_engagement_4h_log,holdout,5,-29.460937146115818,200
H2_engagement_quality,DOGE,musk_weighted_engagement_4h_log,holdout,6,3.7130906609228465,200
H2_engagement_quality,DOGE,musk_weighted_engagement_4h_log,holdout,7,-3.458151949180144,200
H3_coin_specific,BTC,musk_mentions_BTC_8h,train,1,9.94711497009053,10005
H3_coin_specific,BTC,musk_mentions_BTC_8h,val,1,3.568811462483472,5002
H3_coin_specific,BTC,musk_mentions_BTC_8h,test,1,16.8959384581034,3002
H3_coin_specific,BTC,musk_mentions_BTC_8h,holdout,1,-8.285411548132421,2001
H3_coin_specific,DOGE,musk_mentions_DOGE_8h,train,1,6.467726158278234,8881
H3_coin_specific,DOGE,musk_mentions_DOGE_8h,train,2,-13.358660208769562,648
H3_coin_specific,DOGE,musk_mentions_DOGE_8h,train,3,-28.678564722712743,476
H3_coin_specific,DOGE,musk_mentions_DOGE_8h,val,1,11.452587506545356,4386
H3_coin_specific,DOGE,musk_mentions_DOGE_8h,val,2,1.8159634053242886,411
H3_coin_specific,DOGE,musk_mentions_DOGE_8h,val,3,-51.17674357630186,205
H3_coin_specific,DOGE,musk_mentions_DOGE_8h,test,1,50.394575904040266,2531
H3_coin_specific,DOGE,musk_mentions_DOGE_8h,test,2,-39.06332370447402,250
H3_coin_specific,DOGE,musk_mentions_DOGE_8h,test,3,26.630926344711924,221
H3_coin_specific,DOGE,musk_mentions_DOGE_8h,holdout,1,-16.397433660008563,955
H3_coin_specific,DOGE,musk_mentions_DOGE_8h,holdout,2,-36.83406583628695,333
H3_coin_specific,DOGE,musk_mentions_DOGE_8h,holdout,3,-14.09485029710561,216
H3_coin_specific,DOGE,musk_mentions_DOGE_8h,holdout,4,-63.84887364665549,197
H3_coin_specific,DOGE,musk_mentions_DOGE_8h,holdout,5,-6.33961896948886,141
H3_coin_specific,DOGE,musk_mentions_DOGE_8h,holdout,6,-67.22671677122085,159
H4_accumulated_attention,BTC,musk_sum_views_24h_log,train,1,38.69452241693947,2006
H4_accumulated_attention,BTC,musk_sum_views_24h_log,train,2,51.23215388756782,1013
H4_accumulated_attention,BTC,musk_sum_views_24h_log,train,3,63.08056234345587,983
H4_accumulated_attention,BTC,musk_sum_views_24h_log,train,4,23.622644434171445,1009
H4_accumulated_attention,BTC,musk_sum_views_24h_log,train,5,12.737223336708844,996
H4_accumulated_attention,BTC,musk_sum_views_24h_log,train,6,-13.414641354806715,1004
H4_accumulated_attention,BTC,musk_sum_views_24h_log,train,7,21.49943216665053,993
H4_accumulated_attention,BTC,musk_sum_views_24h_log,train,8,31.031262563025,1002
H4_accumulated_attention,BTC,musk_sum_views_24h_log,train,9,34.21417832939994,999
H4_accumulated_attention,BTC,musk_sum_views_24h_log,val,1,-16.337128856598827,503
H4_accumulated_attention,BTC,musk_sum_views_24h_log,val,2,-59.471951425530634,501
H4_accumulated_attention,BTC,musk_sum_views_24h_log,val,3,80.25348817248563,497
H4_accumulated_attention,BTC,musk_sum_views_24h_log,val,4,32.973959553980045,502
H4_accumulated_attention,BTC,musk_sum_views_24h_log,val,5,44.79470808221914,498
H4_accumulated_attention,BTC,musk_sum_views_24h_log,val,6,20.34494065275571,502
H4_accumulated_attention,BTC,musk_sum_views_24h_log,val,7,33.38690438528398,502
H4_accumulated_attention,BTC,musk_sum_views_24h_log,val,8,39.95478738000586,496
H4_accumulated_attention,BTC,musk_sum_views_24h_log,val,9,-26.326229754759055,502
H4_accumulated_attention,BTC,musk_sum_views_24h_log,val,10,-35.95987497408437,499
H4_accumulated_attention,BTC,musk_sum_views_24h_log,test,1,46.536038829575915,303
H4_accumulated_attention,BTC,musk_sum_views_24h_log,test,2,82.72527703749087,303
H4_accumulated_attention,BTC,musk_sum_views_24h_log,test,3,24.86902654202459,295
H4_accumulated_attention,BTC,musk_sum_views_24h_log,test,4,89.97899255214112,303
H4_accumulated_attention,BTC,musk_sum_views_24h_log,test,5,49.113664912898095,297
H4_accumulated_attention,BTC,musk_sum_views_24h_log,test,6,42.172040422903954,307
H4_accumulated_attention,BTC,musk_sum_views_24h_log,test,7,108.83187462127705,300
H4_accumulated_attention,BTC,musk_sum_views_24h_log,test,8,-8.903329370192363,293
H4_accumulated_attention,BTC,musk_sum_views_24h_log,test,9,18.896752042279555,300
H4_accumulated_attention,BTC,musk_sum_views_24h_log,test,10,13.967524002987052,301
H4_accumulated_attention,BTC,musk_sum_views_24h_log,holdout,1,-30.73494091762993,205
H4_accumulated_attention,BTC,musk_sum_views_24h_log,holdout,2,45.32431130001621,198
H4_accumulated_attention,BTC,musk_sum_views_24h_log,holdout,3,29.78542521584453,200
H4_accumulated_attention,BTC,musk_sum_views_24h_log,holdout,4,-27.40451571451664,198
H4_accumulated_attention,BTC,musk_sum_views_24h_log,holdout,5,74.9827469973596,200
H4_accumulated_attention,BTC,musk_sum_views_24h_log,holdout,6,-79.22459964407884,203
H4_accumulated_attention,BTC,musk_sum_views_24h_log,holdout,7,-25.624359655550805,197
H4_accumulated_attention,BTC,musk_sum_views_24h_log,holdout,8,-145.30394379693195,200
H4_accumulated_attention,BTC,musk_sum_views_24h_log,holdout,9,-19.22593755517419,215
H4_accumulated_attention,BTC,musk_sum_views_24h_log,holdout,10,-30.28694276678898,185
H4_accumulated_attention,BTC,musk_max_engagement_24h_log,train,1,33.1873641026429,2001
H4_accumulated_attention,BTC,musk_max_engagement_24h_log,train,2,33.14703090960906,1001
H4_accumulated_attention,BTC,musk_max_engagement_24h_log,train,3,73.87770393801534,1013
H4_accumulated_attention,BTC,musk_max_engagement_24h_log,train,4,35.03945527806736,1011
H4_accumulated_attention,BTC,musk_max_engagement_24h_log,train,5,19.1507836301096,978
H4_accumulated_attention,BTC,musk_max_engagement_24h_log,train,6,-19.764277629296554,1005
H4_accumulated_attention,BTC,musk_max_engagement_24h_log,train,7,60.605725782287536,999
H4_accumulated_attention,BTC,musk_max_engagement_24h_log,train,8,6.727883639700955,1017
H4_accumulated_attention,BTC,musk_max_engagement_24h_log,train,9,25.610390614180083,980
H4_accumulated_attention,BTC,musk_max_engagement_24h_log,val,1,-39.253505785362755,508
H4_accumulated_attention,BTC,musk_max_engagement_24h_log,val,2,-37.78859643413011,501
H4_accumulated_attention,BTC,musk_max_engagement_24h_log,val,3,113.11631014390302,495
H4_accumulated_attention,BTC,musk_max_engagement_24h_log,val,4,-6.013918499590621,510
H4_accumulated_attention,BTC,musk_max_engagement_24h_log,val,5,51.81525702814919,496
H4_accumulated_attention,BTC,musk_max_engagement_24h_log,val,6,-28.65962300669707,497
H4_accumulated_attention,BTC,musk_max_engagement_24h_log,val,7,75.40147616331137,498
H4_accumulated_attention,BTC,musk_max_engagement_24h_log,val,8,-30.197845365497546,503
H4_accumulated_attention,BTC,musk_max_engagement_24h_log,val,9,60.28340235639929,496
H4_accumulated_attention,BTC,musk_max_engagement_24h_log,val,10,-42.982450603491216,498
H4_accumulated_attention,BTC,musk_max_engagement_24h_log,test,1,47.43178196013869,302
H4_accumulated_attention,BTC,musk_max_engagement_24h_log,test,2,57.75480539497287,299
H4_accumulated_attention,BTC,musk_max_engagement_24h_log,test,3,18.098101079757175,316
H4_accumulated_attention,BTC,musk_max_engagement_24h_log,test,4,73.48220170031952,304
H4_accumulated_attention,BTC,musk_max_engagement_24h_log,test,5,66.14957278197946,290
H4_accumulated_attention,BTC,musk_max_engagement_24h_log,test,6,9.189646064708658,302
H4_accumulated_attention,BTC,musk_max_engagement_24h_log,test,7,91.39432382853867,289
H4_accumulated_attention,BTC,musk_max_engagement_24h_log,test,8,95.07184496149091,300
H4_accumulated_attention,BTC,musk_max_engagement_24h_log,test,9,26.64023307025373,299
H4_accumulated_attention,BTC,musk_max_engagement_24h_log,test,10,-10.948099056467893,301
H4_accumulated_attention,BTC,musk_max_engagement_24h_log,holdout,1,6.900462499203835,203
H4_accumulated_attention,BTC,musk_max_engagement_24h_log,holdout,2,71.42244477259102,212
H4_accumulated_attention,BTC,musk_max_engagement_24h_log,holdout,3,-84.02117237012993,190
H4_accumulated_attention,BTC,musk_max_engagement_24h_log,holdout,4,-18.17014943254127,203
H4_accumulated_attention,BTC,musk_max_engagement_24h_log,holdout,5,0.4689837795661792,195
H4_accumulated_attention,BTC,musk_max_engagement_24h_log,holdout,6,69.41477122427392,200
H4_accumulated_attention,BTC,musk_max_engagement_24h_log,holdout,7,-78.98052125236411,221
H4_accumulated_attention,BTC,musk_max_engagement_24h_log,holdout,8,24.31408591699217,197
H4_accumulated_attention,BTC,musk_max_engagement_24h_log,holdout,9,-33.4731350651509,183
H4_accumulated_attention,BTC,musk_max_engagement_24h_log,holdout,10,-171.57737275563645,197
H4_accumulated_attention,ETH,musk_sum_views_24h_log,train,1,26.11484429378839,2006
H4_accumulated_attention,ETH,musk_sum_views_24h_log,train,2,21.046125599587167,1013
H4_accumulated_attention,ETH,musk_sum_views_24h_log,train,3,55.326008830875566,983
H4_accumulated_attention,ETH,musk_sum_views_24h_log,train,4,17.426549672339007,1009
H4_accumulated_attention,ETH,musk_sum_views_24h_log,train,5,-6.666307963044249,996
H4_accumulated_attention,ETH,musk_sum_views_24h_log,train,6,-9.111515321588335,1004
H4_accumulated_attention,ETH,musk_sum_views_24h_log,train,7,36.2057886980682,993
H4_accumulated_attention,ETH,musk_sum_views_24h_log,train,8,28.52709129961013,1002
H4_accumulated_attention,ETH,musk_sum_views_24h_log,train,9,54.39556716966508,999
H4_accumulated_attention,ETH,musk_sum_views_24h_log,val,1,14.123851653940246,503
H4_accumulated_attention,ETH,musk_sum_views_24h_log,val,2,-84.62071122629507,501
H4_accumulated_attention,ETH,musk_sum_views_24h_log,val,3,50.81650399588027,497
H4_accumulated_attention,ETH,musk_sum_views_24h_log,val,4,-30.070100006968634,502
H4_accumulated_attention,ETH,musk_sum_views_24h_log,val,5,70.83558763298956,498
H4_accumulated_attention,ETH,musk_sum_views_24h_log,val,6,-24.29246296809678,502
H4_accumulated_attention,ETH,musk_sum_views_24h_log,val,7,35.94106276897018,502
H4_accumulated_attention,ETH,musk_sum_views_24h_log,val,8,33.63231953278361,496
H4_accumulated_attention,ETH,musk_sum_views_24h_log,val,9,-55.84334185881828,502
H4_accumulated_attention,ETH,musk_sum_views_24h_log,val,10,-62.78433326852698,499
H4_accumulated_attention,ETH,musk_sum_views_24h_log,test,1,62.04961704182905,303
H4_accumulated_attention,ETH,musk_sum_views_24h_log,test,2,87.65488302261116,303
H4_accumulated_attention,ETH,musk_sum_views_24h_log,test,3,4.136012950393978,295
H4_accumulated_attention,ETH,musk_sum_views_24h_log,test,4,137.97092336232814,303
H4_accumulated_attention,ETH,musk_sum_views_24h_log,test,5,54.95216378106541,297
H4_accumulated_attention,ETH,musk_sum_views_24h_log,test,6,43.93369686684481,307
H4_accumulated_attention,ETH,musk_sum_views_24h_log,test,7,64.13206420237483,300
H4_accumulated_attention,ETH,musk_sum_views_24h_log,test,8,-62.98825288007101,293
H4_accumulated_attention,ETH,musk_sum_views_24h_log,test,9,-22.272977637630138,300
H4_accumulated_attention,ETH,musk_sum_views_24h_log,test,10,-44.452883536352466,301
H4_accumulated_attention,ETH,musk_sum_views_24h_log,holdout,1,-108.77763120223415,205
H4_accumulated_attention,ETH,musk_sum_views_24h_log,holdout,2,42.022112878424046,198
H4_accumulated_attention,ETH,musk_sum_views_24h_log,holdout,3,30.600133908405326,200
H4_accumulated_attention,ETH,musk_sum_views_24h_log,holdout,4,-131.52879950594144,198
H4_accumulated_attention,ETH,musk_sum_views_24h_log,holdout,5,32.00045195906476,200
H4_accumulated_attention,ETH,musk_sum_views_24h_log,holdout,6,-137.93206189497022,203
H4_accumulated_attention,ETH,musk_sum_views_24h_log,holdout,7,-106.49876610482265,197
H4_accumulated_attention,ETH,musk_sum_views_24h_log,holdout,8,-215.80153727420316,200
H4_accumulated_attention,ETH,musk_sum_views_24h_log,holdout,9,10.441759075682436,215
H4_accumulated_attention,ETH,musk_sum_views_24h_log,holdout,10,-159.47693101398968,185
H4_accumulated_attention,ETH,musk_max_engagement_24h_log,train,1,20.842899569217256,2001
H4_accumulated_attention,ETH,musk_max_engagement_24h_log,train,2,16.501790845285907,1001
H4_accumulated_attention,ETH,musk_max_engagement_24h_log,train,3,53.38471471909562,1013
H4_accumulated_attention,ETH,musk_max_engagement_24h_log,train,4,36.667991281907845,1011
H4_accumulated_attention,ETH,musk_max_engagement_24h_log,train,5,-8.709390362538272,978
H4_accumulated_attention,ETH,musk_max_engagement_24h_log,train,6,-19.637158887035163,1005
H4_accumulated_attention,ETH,musk_max_engagement_24h_log,train,7,70.7071706388087,999
H4_accumulated_attention,ETH,musk_max_engagement_24h_log,train,8,24.581892805343408,1017
H4_accumulated_attention,ETH,musk_max_engagement_24h_log,train,9,32.66011170196203,980
H4_accumulated_attention,ETH,musk_max_engagement_24h_log,val,1,-27.038592126449696,508
H4_accumulated_attention,ETH,musk_max_engagement_24h_log,val,2,-46.65441789442845,501
H4_accumulated_attention,ETH,musk_max_engagement_24h_log,val,3,65.27645825402494,495
H4_accumulated_attention,ETH,musk_max_engagement_24h_log,val,4,-32.44406460214999,510
H4_accumulated_attention,ETH,musk_max_engagement_24h_log,val,5,54.86206730944814,496
H4_accumulated_attention,ETH,musk_max_engagement_24h_log,val,6,-42.499910771556394,497
H4_accumulated_attention,ETH,musk_max_engagement_24h_log,val,7,14.51785444744711,498
H4_accumulated_attention,ETH,musk_max_engagement_24h_log,val,8,-33.26188784074273,503
H4_accumulated_attention,ETH,musk_max_engagement_24h_log,val,9,107.57614084279268,496
H4_accumulated_attention,ETH,musk_max_engagement_24h_log,val,10,-111.02293090133578,498
H4_accumulated_attention,ETH,musk_max_engagement_24h_log,test,1,39.011603088404954,302
H4_accumulated_attention,ETH,musk_max_engagement_24h_log,test,2,59.60054201732715,299
H4_accumulated_attention,ETH,musk_max_engagement_24h_log,test,3,-20.92176148682683,316
H4_accumulated_attention,ETH,musk_max_engagement_24h_log,test,4,93.68305604705034,304
H4_accumulated_attention,ETH,musk_max_engagement_24h_log,test,5,93.7418277954806,290
H4_accumulated_attention,ETH,musk_max_engagement_24h_log,test,6,-42.39207800789711,302
H4_accumulated_attention,ETH,musk_max_engagement_24h_log,test,7,119.44629635563095,289
H4_accumulated_attention,ETH,musk_max_engagement_24h_log,test,8,-32.48078740654769,300
H4_accumulated_attention,ETH,musk_max_engagement_24h_log,test,9,39.281864164746814,299
H4_accumulated_attention,ETH,musk_max_engagement_24h_log,test,10,-11.488761746932225,301
H4_accumulated_attention,ETH,musk_max_engagement_24h_log,holdout,1,-20.643953057832213,203
H4_accumulated_attention,ETH,musk_max_engagement_24h_log,holdout,2,51.53973684487808,212
H4_accumulated_attention,ETH,musk_max_engagement_24h_log,holdout,3,-139.73475303669363,190
H4_accumulated_attention,ETH,musk_max_engagement_24h_log,holdout,4,-78.13386254047629,203
H4_accumulated_attention,ETH,musk_max_engagement_24h_log,holdout,5,-105.92480775519827,195
H4_accumulated_attention,ETH,musk_max_engagement_24h_log,holdout,6,-15.70857734868198,200
H4_accumulated_attention,ETH,musk_max_engagement_24h_log,holdout,7,-106.77559214363636,221
H4_accumulated_attention,ETH,musk_max_engagement_24h_log,holdout,8,11.61577239491051,197
H4_accumulated_attention,ETH,musk_max_engagement_24h_log,holdout,9,-91.84851001372577,183
H4_accumulated_attention,ETH,musk_max_engagement_24h_log,holdout,10,-250.31037413668054,197
H4_accumulated_attention,SOL,musk_sum_views_24h_log,train,1,133.81662813578686,2006
H4_accumulated_attention,SOL,musk_sum_views_24h_log,train,2,129.0211962927748,1013
H4_accumulated_attention,SOL,musk_sum_views_24h_log,train,3,104.19580976274126,983
H4_accumulated_attention,SOL,musk_sum_views_24h_log,train,4,20.896412697668588,1009
H4_accumulated_attention,SOL,musk_sum_views_24h_log,train,5,69.680885173029,996
H4_accumulated_attention,SOL,musk_sum_views_24h_log,train,6,-4.210450940763976,1004
H4_accumulated_attention,SOL,musk_sum_views_24h_log,train,7,-65.09129202303103,993
H4_accumulated_attention,SOL,musk_sum_views_24h_log,train,8,43.13707670909552,1002
H4_accumulated_attention,SOL,musk_sum_views_24h_log,train,9,131.62168771429313,999
H4_accumulated_attention,SOL,musk_sum_views_24h_log,val,1,35.404778855600945,503
H4_accumulated_attention,SOL,musk_sum_views_24h_log,val,2,-43.56105040298551,501
H4_accumulated_attention,SOL,musk_sum_views_24h_log,val,3,172.35370054010448,497
H4_accumulated_attention,SOL,musk_sum_views_24h_log,val,4,53.91725188400475,502
H4_accumulated_attention,SOL,musk_sum_views_24h_log,val,5,63.525567953349,498
H4_accumulated_attention,SOL,musk_sum_views_24h_log,val,6,23.87010379775707,502
H4_accumulated_attention,SOL,musk_sum_views_24h_log,val,7,65.2982228734319,502
H4_accumulated_attention,SOL,musk_sum_views_24h_log,val,8,7.291975248626904,496
H4_accumulated_attention,SOL,musk_sum_views_24h_log,val,9,-95.89043966350826,502
H4_accumulated_attention,SOL,musk_sum_views_24h_log,val,10,-62.37243951276376,499
H4_accumulated_attention,SOL,musk_sum_views_24h_log,test,1,98.25253032871294,303
H4_accumulated_attention,SOL,musk_sum_views_24h_log,test,2,185.672080928018,303
H4_accumulated_attention,SOL,musk_sum_views_24h_log,test,3,-35.848107609927204,295
H4_accumulated_attention,SOL,musk_sum_views_24h_log,test,4,169.99595639059356,303
H4_accumulated_attention,SOL,musk_sum_views_24h_log,test,5,69.48196117903642,297
H4_accumulated_attention,SOL,musk_sum_views_24h_log,test,6,78.91283215454733,307
H4_accumulated_attention,SOL,musk_sum_views_24h_log,test,7,25.683086730558188,300
H4_accumulated_attention,SOL,musk_sum_views_24h_log,test,8,-61.851387771019866,293
H4_accumulated_attention,SOL,musk_sum_views_24h_log,test,9,30.84571918517039,300
H4_accumulated_attention,SOL,musk_sum_views_24h_log,test,10,18.63037075326762,301
H4_accumulated_attention,SOL,musk_sum_views_24h_log,holdout,1,-110.0962101537538,205
H4_accumulated_attention,SOL,musk_sum_views_24h_log,holdout,2,51.33063946833622,198
H4_accumulated_attention,SOL,musk_sum_views_24h_log,holdout,3,65.21481833542077,200
H4_accumulated_attention,SOL,musk_sum_views_24h_log,holdout,4,-107.18875287421832,198
H4_accumulated_attention,SOL,musk_sum_views_24h_log,holdout,5,62.145183045878056,200
H4_accumulated_attention,SOL,musk_sum_views_24h_log,holdout,6,-144.97790324702356,203
H4_accumulated_attention,SOL,musk_sum_views_24h_log,holdout,7,-37.96215348945857,197
H4_accumulated_attention,SOL,musk_sum_views_24h_log,holdout,8,-208.9069839580568,200
H4_accumulated_attention,SOL,musk_sum_views_24h_log,holdout,9,-94.33576127904432,215
H4_accumulated_attention,SOL,musk_sum_views_24h_log,holdout,10,-64.11253655326347,185
H4_accumulated_attention,SOL,musk_max_engagement_24h_log,train,1,116.64485317260554,2001
H4_accumulated_attention,SOL,musk_max_engagement_24h_log,train,2,130.73983022628536,1001
H4_accumulated_attention,SOL,musk_max_engagement_24h_log,train,3,116.64605629778862,1013
H4_accumulated_attention,SOL,musk_max_engagement_24h_log,train,4,47.71031838965953,1011
H4_accumulated_attention,SOL,musk_max_engagement_24h_log,train,5,21.050641499241536,978
H4_accumulated_attention,SOL,musk_max_engagement_24h_log,train,6,0.8551333526111817,1005
H4_accumulated_attention,SOL,musk_max_engagement_24h_log,train,7,48.988328413954825,999
H4_accumulated_attention,SOL,musk_max_engagement_24h_log,train,8,-17.923197847504575,1017
H4_accumulated_attention,SOL,musk_max_engagement_24h_log,train,9,117.41156085200211,980
H4_accumulated_attention,SOL,musk_max_engagement_24h_log,val,1,0.4884760302281163,508
H4_accumulated_attention,SOL,musk_max_engagement_24h_log,val,2,19.346415718649173,501
H4_accumulated_attention,SOL,musk_max_engagement_24h_log,val,3,157.85131029677183,495
H4_accumulated_attention,SOL,musk_max_engagement_24h_log,val,4,41.17446882528946,510
H4_accumulated_attention,SOL,musk_max_engagement_24h_log,val,5,69.95847623075394,496
H4_accumulated_attention,SOL,musk_max_engagement_24h_log,val,6,-6.1155652609622,497
H4_accumulated_attention,SOL,musk_max_engagement_24h_log,val,7,137.69413831331374,498
H4_accumulated_attention,SOL,musk_max_engagement_24h_log,val,8,-101.57817876804683,503
H4_accumulated_attention,SOL,musk_max_engagement_24h_log,val,9,27.073984316098908,496
H4_accumulated_attention,SOL,musk_max_engagement_24h_log,val,10,-124.8546738969781,498
H4_accumulated_attention,SOL,musk_max_engagement_24h_log,test,1,94.96116137833472,302
H4_accumulated_attention,SOL,musk_max_engagement_24h_log,test,2,69.00158663969896,299
H4_accumulated_attention,SOL,musk_max_engagement_24h_log,test,3,-54.82738327271434,316
H4_accumulated_attention,SOL,musk_max_engagement_24h_log,test,4,76.12576691366175,304
H4_accumulated_attention,SOL,musk_max_engagement_24h_log,test,5,126.85518357189174,290
H4_accumulated_attention,SOL,musk_max_engagement_24h_log,test,6,-79.27388950753912,302
H4_accumulated_attention,SOL,musk_max_engagement_24h_log,test,7,220.99193717371963,289
H4_accumulated_attention,SOL,musk_max_engagement_24h_log,test,8,90.56781366009497,300
H4_accumulated_attention,SOL,musk_max_engagement_24h_log,test,9,-38.22074112541056,299
H4_accumulated_attention,SOL,musk_max_engagement_24h_log,test,10,95.30306588027892,301
H4_accumulated_attention,SOL,musk_max_engagement_24h_log,holdout,1,-43.87230450964977,203
H4_accumulated_attention,SOL,musk_max_engagement_24h_log,holdout,2,175.8702644188317,212
H4_accumulated_attention,SOL,musk_max_engagement_24h_log,holdout,3,-211.65828522048517,190
H4_accumulated_attention,SOL,musk_max_engagement_24h_log,holdout,4,-27.638871460971064,203
H4_accumulated_attention,SOL,musk_max_engagement_24h_log,holdout,5,68.32687284360674,195
H4_accumulated_attention,SOL,musk_max_engagement_24h_log,holdout,6,126.594604626794,200
H4_accumulated_attention,SOL,musk_max_engagement_24h_log,holdout,7,-163.33990927619186,221
H4_accumulated_attention,SOL,musk_max_engagement_24h_log,holdout,8,-14.07122219067537,197
H4_accumulated_attention,SOL,musk_max_engagement_24h_log,holdout,9,-100.26454245257774,183
H4_accumulated_attention,SOL,musk_max_engagement_24h_log,holdout,10,-421.15657293124985,197
H4_accumulated_attention,DOGE,musk_sum_views_24h_log,train,1,43.522449404326984,2006
H4_accumulated_attention,DOGE,musk_sum_views_24h_log,train,2,44.9297099431387,1013
H4_accumulated_attention,DOGE,musk_sum_views_24h_log,train,3,60.63666423173453,983
H4_accumulated_attention,DOGE,musk_sum_views_24h_log,train,4,13.658736848303338,1009
H4_accumulated_attention,DOGE,musk_sum_views_24h_log,train,5,-48.985066371936924,996
H4_accumulated_attention,DOGE,musk_sum_views_24h_log,train,6,-70.15521902702152,1004
H4_accumulated_attention,DOGE,musk_sum_views_24h_log,train,7,7.877332830552051,993
H4_accumulated_attention,DOGE,musk_sum_views_24h_log,train,8,12.031323642195561,1002
H4_accumulated_attention,DOGE,musk_sum_views_24h_log,train,9,-6.251555678518918,999
H4_accumulated_attention,DOGE,musk_sum_views_24h_log,val,1,-66.20884527445206,503
H4_accumulated_attention,DOGE,musk_sum_views_24h_log,val,2,-146.54178046827874,501
H4_accumulated_attention,DOGE,musk_sum_views_24h_log,val,3,114.99777909601958,497
H4_accumulated_attention,DOGE,musk_sum_views_24h_log,val,4,6.217180865242998,502
H4_accumulated_attention,DOGE,musk_sum_views_24h_log,val,5,201.61136796982004,498
H4_accumulated_attention,DOGE,musk_sum_views_24h_log,val,6,63.10809832724478,502
H4_accumulated_attention,DOGE,musk_sum_views_24h_log,val,7,113.98826309797104,502
H4_accumulated_attention,DOGE,musk_sum_views_24h_log,val,8,73.91103007758112,496
H4_accumulated_attention,DOGE,musk_sum_views_24h_log,val,9,-114.73584170899785,502
H4_accumulated_attention,DOGE,musk_sum_views_24h_log,val,10,-3.311176531369655,499
H4_accumulated_attention,DOGE,musk_sum_views_24h_log,test,1,116.74337017131616,303
H4_accumulated_attention,DOGE,musk_sum_views_24h_log,test,2,206.83213996691546,303
H4_accumulated_attention,DOGE,musk_sum_views_24h_log,test,3,121.5164155036209,295
H4_accumulated_attention,DOGE,musk_sum_views_24h_log,test,4,186.2800345384024,303
H4_accumulated_attention,DOGE,musk_sum_views_24h_log,test,5,164.60694863264544,297
H4_accumulated_attention,DOGE,musk_sum_views_24h_log,test,6,104.05890605960137,307
H4_accumulated_attention,DOGE,musk_sum_views_24h_log,test,7,239.76855183469408,300
H4_accumulated_attention,DOGE,musk_sum_views_24h_log,test,8,20.982117831349875,293
H4_accumulated_attention,DOGE,musk_sum_views_24h_log,test,9,32.44910269155652,300
H4_accumulated_attention,DOGE,musk_sum_views_24h_log,test,10,20.180678420977276,301
H4_accumulated_attention,DOGE,musk_sum_views_24h_log,holdout,1,-129.39325244465837,205
H4_accumulated_attention,DOGE,musk_sum_views_24h_log,holdout,2,38.20668681799058,198
H4_accumulated_attention,DOGE,musk_sum_views_24h_log,holdout,3,67.64004049643104,200
H4_accumulated_attention,DOGE,musk_sum_views_24h_log,holdout,4,-157.19586794368232,198
H4_accumulated_attention,DOGE,musk_sum_views_24h_log,holdout,5,14.600206682099104,200
H4_accumulated_attention,DOGE,musk_sum_views_24h_log,holdout,6,-115.01428107329187,203
H4_accumulated_attention,DOGE,musk_sum_views_24h_log,holdout,7,-128.56514358666985,197
H4_accumulated_attention,DOGE,musk_sum_views_24h_log,holdout,8,-228.7492267916747,200
H4_accumulated_attention,DOGE,musk_sum_views_24h_log,holdout,9,-16.32586609708175,215
H4_accumulated_attention,DOGE,musk_sum_views_24h_log,holdout,10,-135.01453292725654,185
H4_accumulated_attention,DOGE,musk_max_engagement_24h_log,train,1,29.39012571751609,2001
H4_accumulated_attention,DOGE,musk_max_engagement_24h_log,train,2,45.34383588810314,1001
H4_accumulated_attention,DOGE,musk_max_engagement_24h_log,train,3,62.38353150439673,1013
H4_accumulated_attention,DOGE,musk_max_engagement_24h_log,train,4,20.410955635548998,1011
H4_accumulated_attention,DOGE,musk_max_engagement_24h_log,train,5,-22.320849978683913,978
H4_accumulated_attention,DOGE,musk_max_engagement_24h_log,train,6,-70.23637157212916,1005
H4_accumulated_attention,DOGE,musk_max_engagement_24h_log,train,7,57.67494290172087,999
H4_accumulated_attention,DOGE,musk_max_engagement_24h_log,train,8,-34.69498294658461,1017
H4_accumulated_attention,DOGE,musk_max_engagement_24h_log,train,9,-17.68295580022783,980
H4_accumulated_attention,DOGE,musk_max_engagement_24h_log,val,1,-103.70057143902176,508
H4_accumulated_attention,DOGE,musk_max_engagement_24h_log,val,2,-97.85594934912295,501
H4_accumulated_attention,DOGE,musk_max_engagement_24h_log,val,3,110.14135717301406,495
H4_accumulated_attention,DOGE,musk_max_engagement_24h_log,val,4,-9.233415990120154,510
H4_accumulated_attention,DOGE,musk_max_engagement_24h_log,val,5,200.48861015101733,496
H4_accumulated_attention,DOGE,musk_max_engagement_24h_log,val,6,-77.12168454691358,497
H4_accumulated_attention,DOGE,musk_max_engagement_24h_log,val,7,223.57952755178044,498
H4_accumulated_attention,DOGE,musk_max_engagement_24h_log,val,8,-13.756093952459668,503
H4_accumulated_attention,DOGE,musk_max_engagement_24h_log,val,9,23.48989961939556,496
H4_accumulated_attention,DOGE,musk_max_engagement_24h_log,val,10,-10.086116519076253,498
H4_accumulated_attention,DOGE,musk_max_engagement_24h_log,test,1,32.779948535258896,302
H4_accumulated_attention,DOGE,musk_max_engagement_24h_log,test,2,194.6094863493436,299
H4_accumulated_attention,DOGE,musk_max_engagement_24h_log,test,3,70.53803196174061,316
H4_accumulated_attention,DOGE,musk_max_engagement_24h_log,test,4,92.93251274857953,304
H4_accumulated_attention,DOGE,musk_max_engagement_24h_log,test,5,85.06490288364031,290
H4_accumulated_attention,DOGE,musk_max_engagement_24h_log,test,6,109.16386666148526,302
H4_accumulated_attention,DOGE,musk_max_engagement_24h_log,test,7,315.6440648888844,289
H4_accumulated_attention,DOGE,musk_max_engagement_24h_log,test,8,173.2391838806389,300
H4_accumulated_attention,DOGE,musk_max_engagement_24h_log,test,9,118.49901114225067,299
H4_accumulated_attention,DOGE,musk_max_engagement_24h_log,test,10,33.773006424384896,301
H4_accumulated_attention,DOGE,musk_max_engagement_24h_log,holdout,1,-48.644056361303484,203
H4_accumulated_attention,DOGE,musk_max_engagement_24h_log,holdout,2,-9.358397063837618,212
H4_accumulated_attention,DOGE,musk_max_engagement_24h_log,holdout,3,-137.07872085026608,190
H4_accumulated_attention,DOGE,musk_max_engagement_24h_log,holdout,4,-109.34605217200091,203
H4_accumulated_attention,DOGE,musk_max_engagement_24h_log,holdout,5,143.2594810219142,195
H4_accumulated_attention,DOGE,musk_max_engagement_24h_log,holdout,6,39.4158528917216,200
H4_accumulated_attention,DOGE,musk_max_engagement_24h_log,holdout,7,-194.66716659408007,221
H4_accumulated_attention,DOGE,musk_max_engagement_24h_log,holdout,8,18.17024650670859,197
H4_accumulated_attention,DOGE,musk_max_engagement_24h_log,holdout,9,-41.2537983455786,183
H4_accumulated_attention,DOGE,musk_max_engagement_24h_log,holdout,10,-432.8768656705572,197
